{
  "Comment": "A simple Step Function with 2 Lambda calls",
  "StartAt": "Step1",
  "States": {
    "Step1": {
      "Type": "Task",
      "Resource": "arn:aws:states:::states:startExecution",
      "Parameters": {
        "StateMachineArn": "${steparn}",
        "Input": {
          "NeedCallback": false,
          "AWS_STEP_FUNCTIONS_STARTED_BY_EXECUTION_ID.$": "$$.Execution.Id"
        }
      },
      "Next": "Step2"
    },
    "Step2": {
      "Type": "Task",
      "Resource": "${lambda1}",
      "End": true
    }
  }
}
